,fname,runnames
0,20210713192944_list.root,20210713192944
1,20210713193938_list.root,20210713193938
2,20210713194524_list.root,20210713194524
3,20210713194724_list.root,20210713194724
4,20210713194931_list.root,20210713194931
5,20210713195314_list.root,20210713195314
6,20210713195748_list.root,20210713195748
7,20210713201520_list.root,20210713201520
8,20210713201748_list.root,20210713201748
9,20210713201924_list.root,20210713201924
10,20210713201957_list.root,20210713201957
11,20210713202041_list.root,20210713202041
12,20210713202118_list.root,20210713202118
13,20210713202138_list.root,20210713202138
14,20210713203512_list.root,20210713203512
15,20210713203803_list.root,20210713203803
16,20210713204043_list.root,20210713204043
17,20210713204450_list.root,20210713204450
18,20210713205148_list.root,20210713205148
19,20210713205309_list.root,20210713205309
20,20210713205517_list.root,20210713205517
21,20210713210310_list.root,20210713210310
22,20210713210439_list.root,20210713210439
23,20210713210556_list.root,20210713210556
24,20210713211634_list.root,20210713211634
25,20210713212050_list.root,20210713212050
26,20210713212505_list.root,20210713212505
27,20210713212805_list.root,20210713212805
28,20210713214225_list.root,20210713214225
29,20210713215303_list.root,20210713215303
30,20210713220140_list.root,20210713220140
31,20210713220438_list.root,20210713220438
32,20210713222200_list.root,20210713222200
33,20210713224531_list.root,20210713224531
34,20210713225152_list.root,20210713225152
35,20210713225420_list.root,20210713225420
36,20210713225533_list.root,20210713225533
37,20210713225916_list.root,20210713225916
38,20210713230326_list.root,20210713230326
39,20210713230557_list.root,20210713230557
40,20210713230701_list.root,20210713230701
41,20210713230941_list.root,20210713230941
42,20210713231325_list.root,20210713231325
43,20210713232418_list.root,20210713232418
44,20210714000204_elist.root,20210714000204
45,20210714000204_list.root,20210714000204
46,20210714003924_list.root,20210714003924
47,20210714004440_list.root,20210714004440
48,20210714091557_list.root,20210714091557
49,20210714100615_list.root,20210714100615
50,20210714101246_list.root,20210714101246
51,20210714102245_list.root,20210714102245
52,20210714104803_list.root,20210714104803
53,20210714104923_list.root,20210714104923
54,20210714105417_list.root,20210714105417
55,20210714105534_list.root,20210714105534
56,20210714105715_list.root,20210714105715
57,20210714110451_list.root,20210714110451
58,20210714110706_list.root,20210714110706
59,20210714110900_list.root,20210714110900
60,20210714111557_list.root,20210714111557
61,20210714112539_list.root,20210714112539
62,20210714113319_list.root,20210714113319
63,20210714115421_list.root,20210714115421
64,20210714115936_list.root,20210714115936
65,20210714120624_list.root,20210714120624
66,20210714125242_list.root,20210714125242
67,20210714125956_list.root,20210714125956
68,20210714130533_list.root,20210714130533
69,20210714130903_list.root,20210714130903
70,20210714131145_list.root,20210714131145
71,20210714131814_list.root,20210714131814
72,20210714132641_list.root,20210714132641
73,20210714133210_list.root,20210714133210
74,20210714134303_list.root,20210714134303
75,20210714134930_list.root,20210714134930
76,20210714135546_list.root,20210714135546
77,20210714140052_list.root,20210714140052
78,20210714140737_list.root,20210714140737
79,20210714141256_list.root,20210714141256
80,20210714141501_list.root,20210714141501
81,20210714141704_list.root,20210714141704
82,20210714141946_list.root,20210714141946
83,20210714142210_list.root,20210714142210
84,20210714142322_list.root,20210714142322
85,20210714142511_list.root,20210714142511
86,20210714142653_list.root,20210714142653
87,20210714142829_list.root,20210714142829
88,20210714143714_list.root,20210714143714
89,20210714143858_list.root,20210714143858
90,20210714144023_list.root,20210714144023
91,20210714150442_list.root,20210714150442
92,20210714151032_list.root,20210714151032
93,20210714152158_list.root,20210714152158
94,20210714153438_list.root,20210714153438
95,20210714154135_list.root,20210714154135
96,20210714154313_list.root,20210714154313
97,20210714154632_list.root,20210714154632
98,20210714155032_list.root,20210714155032
99,20210714155154_list.root,20210714155154
100,20210714160314_list.root,20210714160314
101,20210714160423_list.root,20210714160423
102,20210714160607_list.root,20210714160607
103,20210714160844_list.root,20210714160844
104,20210714160929_list.root,20210714160929
105,20210714161200_list.root,20210714161200
106,20210714161823_list.root,20210714161823
107,20210714163500_list.root,20210714163500
108,20210714163558_list.root,20210714163558
109,20210714163701_list.root,20210714163701
110,20210714163810_list.root,20210714163810
111,20210714164138_list.root,20210714164138
112,20210714165322_list.root,20210714165322
113,20210714165512_list.root,20210714165512
114,20210714165617_list.root,20210714165617
115,20210714165937_list.root,20210714165937
116,20210714173428_list.root,20210714173428
117,20210714174816_list.root,20210714174816
118,20210714175708_list.root,20210714175708
119,20210714181508_list.root,20210714181508
120,20210714182638_list.root,20210714182638
121,20210714184125_list.root,20210714184125
122,20210714185238_list.root,20210714185238
123,20210714191741_list.root,20210714191741
124,20210714193158_list.root,20210714193158
125,20210714193654_list.root,20210714193654
126,20210714204120_list.root,20210714204120
127,20210714204714_list.root,20210714204714
128,20210714205602_list.root,20210714205602
129,20210714210221_list.root,20210714210221
130,20210714211037_list.root,20210714211037
131,20210714211642_list.root,20210714211642
132,20210714214337_list.root,20210714214337
133,20210714215803_list.root,20210714215803
134,20210714231612_list.root,20210714231612
135,20210714232621_list.root,20210714232621
136,20210714233858_list.root,20210714233858
137,20210714235105_list.root,20210714235105
138,20210714235713_list.root,20210714235713
139,20210715000351_list.root,20210715000351
140,20210715002140_list.root,20210715002140
141,20210715003403_list.root,20210715003403
142,20210715004116_list.root,20210715004116
143,20210715004854_list.root,20210715004854
144,20210715005640_list.root,20210715005640
145,20210715010351_list.root,20210715010351
146,20210715011324_list.root,20210715011324
147,20210715011837_list.root,20210715011837
148,20210715012325_list.root,20210715012325
149,20210715012825_list.root,20210715012825
150,20210715013754_list.root,20210715013754
151,20210715014326_list.root,20210715014326
152,20210715015129_list.root,20210715015129
153,20210715020052_list.root,20210715020052
154,20210715020949_list.root,20210715020949
155,20210715021808_list.root,20210715021808
156,20210715022328_list.root,20210715022328
157,20210715022658_list.root,20210715022658
158,20210715023520_list.root,20210715023520
159,20210715024152_list.root,20210715024152
160,20210715024852_list.root,20210715024852
161,20210715030156_list.root,20210715030156
162,20210715030658_list.root,20210715030658
163,20210715031454_list.root,20210715031454
164,20210715031754_list.root,20210715031754
165,20210715033420_list.root,20210715033420
166,20210715034607_list.root,20210715034607
167,20210715035842_list.root,20210715035842
168,20210715041314_list.root,20210715041314
169,20210715041502_list.root,20210715041502
170,20210715041959_list.root,20210715041959
171,20210715043357_list.root,20210715043357
172,20210715045714_list.root,20210715045714
173,20210715050311_list.root,20210715050311
174,20210715051055_list.root,20210715051055
175,20210715053846_list.root,20210715053846
176,20210715055414_list.root,20210715055414
177,20210715060909_list.root,20210715060909
178,20210715061042_list.root,20210715061042
179,20210715063252_list.root,20210715063252
180,20210715064414_list.root,20210715064414
181,20210715065921_list.root,20210715065921
182,20210715071805_list.root,20210715071805
183,20210715072653_list.root,20210715072653
184,20210715073913_list.root,20210715073913
185,20210715075452_list.root,20210715075452
186,20210715080233_list.root,20210715080233
187,20210715081447_list.root,20210715081447
188,20210715082018_list.root,20210715082018
189,20210715082606_list.root,20210715082606
190,20210715083141_list.root,20210715083141
191,20210715083711_list.root,20210715083711
192,20210715084052_list.root,20210715084052
193,20210715084835_list.root,20210715084835
194,20210715085144_list.root,20210715085144
195,20210715085349_list.root,20210715085349
196,20210715085714_list.root,20210715085714
197,20210716193147_list.root,20210716193147
198,20210716201056_list.root,20210716201056
199,20210716210153_list.root,20210716210153
200,20210716220736_list.root,20210716220736
201,20210716230107_list.root,20210716230107
202,20210716232122_list.root,20210716232122
203,20210716233530_list.root,20210716233530
204,20210716235619_list.root,20210716235619
205,20210717001854_list.root,20210717001854
206,20210717002421_list.root,20210717002421
207,20210717004515_list.root,20210717004515
208,20210717005023_list.root,20210717005023
209,20210717011121_list.root,20210717011121
210,20210717012326_list.root,20210717012326
211,20210717022140_list.root,20210717022140
212,20210717022920_list.root,20210717022920
213,20210717024407_list.root,20210717024407
214,20210717030252_list.root,20210717030252
215,20210717040703_list.root,20210717040703
216,20210717050342_list.root,20210717050342
217,20210717051355_list.root,20210717051355
218,20210717052755_list.root,20210717052755
219,20210717054010_list.root,20210717054010
220,20210717054725_list.root,20210717054725
221,20210717055945_list.root,20210717055945
222,20210717061249_list.root,20210717061249
223,20210717061701_list.root,20210717061701
224,20210717073129_list.root,20210717073129
225,20210717082127_list.root,20210717082127
226,20210717083720_list.root,20210717083720
227,20210717085057_list.root,20210717085057
